sourceOccurrenceId	sourceTaxonId	sourceTaxonName	sourceBodyPartId	sourceBodyPartName	sourceLifeStageId	sourceLifeStageName	interactionTypeId	interactionTypeName	targetOccurrenceId	targetTaxonId	targetTaxonName	targetBodyPartId	targetBodyPartName	targetLifeStageId	targetLifeStageName	localityId	localityName	decimalLatitude	decimalLongitude	observationDateTime	referenceDoi	referenceUrl	referenceCitation
		Rousettus aegyptiacus					http://purl.obolibrary.org/obo/RO_0002470	eats			Citrus sp.		fruit				"Hatay, Adana, Mersin, and Antalya, Turkey"			2009-09/2003-09			"Albayrak, I., A?an, N., & Yorulmaz, T. (2008). The natural history of the Egyptian fruit bat, Rousettus aegyptiacus, in Turkey (Mammalia: Chiroptera). Turkish Journal of Zoology, 32(1), 11-18."
		Rousettus aegyptiacus					http://purl.obolibrary.org/obo/RO_0002470	eats			Diospyros kaki		fruit				"Hatay, Adana, Mersin, and Antalya, Turkey"			2009-09/2003-09			"Albayrak, I., A?an, N., & Yorulmaz, T. (2008). The natural history of the Egyptian fruit bat, Rousettus aegyptiacus, in Turkey (Mammalia: Chiroptera). Turkish Journal of Zoology, 32(1), 11-18."
		Rousettus aegyptiacus					http://purl.obolibrary.org/obo/RO_0002470	eats			Eriobotrya japonica		fruit				"Hatay, Adana, Mersin, and Antalya, Turkey"			2009-09/2003-09			"Albayrak, I., A?an, N., & Yorulmaz, T. (2008). The natural history of the Egyptian fruit bat, Rousettus aegyptiacus, in Turkey (Mammalia: Chiroptera). Turkish Journal of Zoology, 32(1), 11-18."
		Rousettus aegyptiacus					http://purl.obolibrary.org/obo/RO_0002470	eats			Ficus carica		fruit				"Hatay, Adana, Mersin, and Antalya, Turkey"			2009-09/2003-09			"Albayrak, I., A?an, N., & Yorulmaz, T. (2008). The natural history of the Egyptian fruit bat, Rousettus aegyptiacus, in Turkey (Mammalia: Chiroptera). Turkish Journal of Zoology, 32(1), 11-18."
		Rousettus aegyptiacus					http://purl.obolibrary.org/obo/RO_0002470	eats			Ficus elastica		fruit				"Hatay, Adana, Mersin, and Antalya, Turkey"			2009-09/2003-09			"Albayrak, I., A?an, N., & Yorulmaz, T. (2008). The natural history of the Egyptian fruit bat, Rousettus aegyptiacus, in Turkey (Mammalia: Chiroptera). Turkish Journal of Zoology, 32(1), 11-18."
		Rousettus aegyptiacus					http://purl.obolibrary.org/obo/RO_0002470	eats			Malus sp.		fruit				"Hatay, Adana, Mersin, and Antalya, Turkey"			2009-09/2003-09			"Albayrak, I., A?an, N., & Yorulmaz, T. (2008). The natural history of the Egyptian fruit bat, Rousettus aegyptiacus, in Turkey (Mammalia: Chiroptera). Turkish Journal of Zoology, 32(1), 11-18."
		Rousettus aegyptiacus					http://purl.obolibrary.org/obo/RO_0002470	eats			Melia azadirachta		fruit				"Hatay, Adana, Mersin, and Antalya, Turkey"			2009-09/2003-09			"Albayrak, I., A?an, N., & Yorulmaz, T. (2008). The natural history of the Egyptian fruit bat, Rousettus aegyptiacus, in Turkey (Mammalia: Chiroptera). Turkish Journal of Zoology, 32(1), 11-18."
		Rousettus aegyptiacus					http://purl.obolibrary.org/obo/RO_0002470	eats			Morus sp.		fruit				"Hatay, Adana, Mersin, and Antalya, Turkey"			2009-09/2003-09			"Albayrak, I., A?an, N., & Yorulmaz, T. (2008). The natural history of the Egyptian fruit bat, Rousettus aegyptiacus, in Turkey (Mammalia: Chiroptera). Turkish Journal of Zoology, 32(1), 11-18."
		Rousettus aegyptiacus					http://purl.obolibrary.org/obo/RO_0002470	eats			Phoenix dactylifera		fruit				"Hatay, Adana, Mersin, and Antalya, Turkey"			2009-09/2003-09			"Albayrak, I., A?an, N., & Yorulmaz, T. (2008). The natural history of the Egyptian fruit bat, Rousettus aegyptiacus, in Turkey (Mammalia: Chiroptera). Turkish Journal of Zoology, 32(1), 11-18."
		Rousettus aegyptiacus					http://purl.obolibrary.org/obo/RO_0002470	eats			Prunus persica		fruit				"Hatay, Adana, Mersin, and Antalya, Turkey"			2009-09/2003-09			"Albayrak, I., A?an, N., & Yorulmaz, T. (2008). The natural history of the Egyptian fruit bat, Rousettus aegyptiacus, in Turkey (Mammalia: Chiroptera). Turkish Journal of Zoology, 32(1), 11-18."
		Rousettus aegyptiacus					http://purl.obolibrary.org/obo/RO_0002470	eats			Prunus sp.		fruit				"Hatay, Adana, Mersin, and Antalya, Turkey"			2009-09/2003-09			"Albayrak, I., A?an, N., & Yorulmaz, T. (2008). The natural history of the Egyptian fruit bat, Rousettus aegyptiacus, in Turkey (Mammalia: Chiroptera). Turkish Journal of Zoology, 32(1), 11-18."
		Rousettus aegyptiacus					http://purl.obolibrary.org/obo/RO_0002470	eats			Prunus sp.		fruit				"Hatay, Adana, Mersin, and Antalya, Turkey"			2009-09/2003-09			"Albayrak, I., A?an, N., & Yorulmaz, T. (2008). The natural history of the Egyptian fruit bat, Rousettus aegyptiacus, in Turkey (Mammalia: Chiroptera). Turkish Journal of Zoology, 32(1), 11-18."
		Rousettus aegyptiacus					http://purl.obolibrary.org/obo/RO_0002470	eats			Punica granatum		fruit				"Hatay, Adana, Mersin, and Antalya, Turkey"			2009-09/2003-09			"Albayrak, I., A?an, N., & Yorulmaz, T. (2008). The natural history of the Egyptian fruit bat, Rousettus aegyptiacus, in Turkey (Mammalia: Chiroptera). Turkish Journal of Zoology, 32(1), 11-18."
		Rousettus aegyptiacus					http://purl.obolibrary.org/obo/RO_0002470	eats			Vitis viniferia		fruit				"Hatay, Adana, Mersin, and Antalya, Turkey"			2009-09/2003-09			"Albayrak, I., A?an, N., & Yorulmaz, T. (2008). The natural history of the Egyptian fruit bat, Rousettus aegyptiacus, in Turkey (Mammalia: Chiroptera). Turkish Journal of Zoology, 32(1), 11-18."
		Rousettus aegyptiacus					http://purl.obolibrary.org/obo/RO_0002470	eats			Arbutus andrachne		fruit				"Mammari, Cyprus"	35.17433	33.202765	2008	 10.4404/Hystrix-22.2-4587		"del Vaglio, M. A., Nicolau, H., Bosso, L., Russo, D. (2011). A first assessment of feeding habits in the fruit bat Rousettus aegyptiacus on Cyprus island. Hystrix, the Italian Journal of Mammalogy, 22(2). https://doi.org/10.4404/hystrix-22.2-4587"
		Rousettus aegyptiacus					http://purl.obolibrary.org/obo/RO_0002470	eats			Arbutus andrachne		fruit				"Pissouri, Cyprus"	34.668236	32.699739	2008	 10.4404/Hystrix-22.2-4587		"del Vaglio, M. A., Nicolau, H., Bosso, L., Russo, D. (2011). A first assessment of feeding habits in the fruit bat Rousettus aegyptiacus on Cyprus island. Hystrix, the Italian Journal of Mammalogy, 22(2). https://doi.org/10.4404/hystrix-22.2-4587"
		Rousettus aegyptiacus					http://purl.obolibrary.org/obo/RO_0002470	eats			Ceratonia siliqua		fruit				"Mammari, Cyprus"	35.17433	33.202765	2008	 10.4404/Hystrix-22.2-4587		"del Vaglio, M. A., Nicolau, H., Bosso, L., Russo, D. (2011). A first assessment of feeding habits in the fruit bat Rousettus aegyptiacus on Cyprus island. Hystrix, the Italian Journal of Mammalogy, 22(2). https://doi.org/10.4404/hystrix-22.2-4587"
		Rousettus aegyptiacus					http://purl.obolibrary.org/obo/RO_0002470	eats			Ceratonia siliqua		fruit				"Pissouri, Cyprus"	34.668236	32.699739	2008	 10.4404/Hystrix-22.2-4587		"del Vaglio, M. A., Nicolau, H., Bosso, L., Russo, D. (2011). A first assessment of feeding habits in the fruit bat Rousettus aegyptiacus on Cyprus island. Hystrix, the Italian Journal of Mammalogy, 22(2). https://doi.org/10.4404/hystrix-22.2-4587"
		Rousettus aegyptiacus					http://purl.obolibrary.org/obo/RO_0002470	eats			Citrus sinensis		fruit				"Mammari, Cyprus"	35.17433	33.202765	2008	 10.4404/Hystrix-22.2-4587		"del Vaglio, M. A., Nicolau, H., Bosso, L., Russo, D. (2011). A first assessment of feeding habits in the fruit bat Rousettus aegyptiacus on Cyprus island. Hystrix, the Italian Journal of Mammalogy, 22(2). https://doi.org/10.4404/hystrix-22.2-4587"
		Rousettus aegyptiacus					http://purl.obolibrary.org/obo/RO_0002470	eats			Crataegus azarolus		fruit				"Mammari, Cyprus"	35.17433	33.202765	2008	 10.4404/Hystrix-22.2-4587		"del Vaglio, M. A., Nicolau, H., Bosso, L., Russo, D. (2011). A first assessment of feeding habits in the fruit bat Rousettus aegyptiacus on Cyprus island. Hystrix, the Italian Journal of Mammalogy, 22(2). https://doi.org/10.4404/hystrix-22.2-4587"
		Rousettus aegyptiacus					http://purl.obolibrary.org/obo/RO_0002470	eats			Eriobotrya japonica		fruit				"Mammari, Cyprus"	35.17433	33.202765	2008	 10.4404/Hystrix-22.2-4587		"del Vaglio, M. A., Nicolau, H., Bosso, L., Russo, D. (2011). A first assessment of feeding habits in the fruit bat Rousettus aegyptiacus on Cyprus island. Hystrix, the Italian Journal of Mammalogy, 22(2). https://doi.org/10.4404/hystrix-22.2-4587"
		Rousettus aegyptiacus					http://purl.obolibrary.org/obo/RO_0002470	eats			Ficus carica		fruit				"Mammari, Cyprus"	35.17433	33.202765	2008	 10.4404/Hystrix-22.2-4587		"del Vaglio, M. A., Nicolau, H., Bosso, L., Russo, D. (2011). A first assessment of feeding habits in the fruit bat Rousettus aegyptiacus on Cyprus island. Hystrix, the Italian Journal of Mammalogy, 22(2). https://doi.org/10.4404/hystrix-22.2-4587"
		Rousettus aegyptiacus					http://purl.obolibrary.org/obo/RO_0002470	eats			Ficus carica		fruit				"Pissouri, Cyprus"	34.668236	32.699739	2008	 10.4404/Hystrix-22.2-4587		"del Vaglio, M. A., Nicolau, H., Bosso, L., Russo, D. (2011). A first assessment of feeding habits in the fruit bat Rousettus aegyptiacus on Cyprus island. Hystrix, the Italian Journal of Mammalogy, 22(2). https://doi.org/10.4404/hystrix-22.2-4587"
		Rousettus aegyptiacus					http://purl.obolibrary.org/obo/RO_0002470	eats			Ficus microcarpa		fruit				"Mammari, Cyprus"	35.17433	33.202765	2008	 10.4404/Hystrix-22.2-4587		"del Vaglio, M. A., Nicolau, H., Bosso, L., Russo, D. (2011). A first assessment of feeding habits in the fruit bat Rousettus aegyptiacus on Cyprus island. Hystrix, the Italian Journal of Mammalogy, 22(2). https://doi.org/10.4404/hystrix-22.2-4587"
		Rousettus aegyptiacus					http://purl.obolibrary.org/obo/RO_0002470	eats			Ficus microcarpa		fruit				"Pissouri, Cyprus"	34.668236	32.699739	2008	 10.4404/Hystrix-22.2-4587		"del Vaglio, M. A., Nicolau, H., Bosso, L., Russo, D. (2011). A first assessment of feeding habits in the fruit bat Rousettus aegyptiacus on Cyprus island. Hystrix, the Italian Journal of Mammalogy, 22(2). https://doi.org/10.4404/hystrix-22.2-4587"
		Rousettus aegyptiacus					http://purl.obolibrary.org/obo/RO_0002470	eats			Melia azedarach		fruit				"Mammari, Cyprus"	35.17433	33.202765	2008	 10.4404/Hystrix-22.2-4587		"del Vaglio, M. A., Nicolau, H., Bosso, L., Russo, D. (2011). A first assessment of feeding habits in the fruit bat Rousettus aegyptiacus on Cyprus island. Hystrix, the Italian Journal of Mammalogy, 22(2). https://doi.org/10.4404/hystrix-22.2-4587"
		Rousettus aegyptiacus					http://purl.obolibrary.org/obo/RO_0002470	eats			Melia azedarach		fruit				"Pissouri, Cyprus"	34.668236	32.699739	2008	 10.4404/Hystrix-22.2-4587		"del Vaglio, M. A., Nicolau, H., Bosso, L., Russo, D. (2011). A first assessment of feeding habits in the fruit bat Rousettus aegyptiacus on Cyprus island. Hystrix, the Italian Journal of Mammalogy, 22(2). https://doi.org/10.4404/hystrix-22.2-4587"
		Rousettus aegyptiacus					http://purl.obolibrary.org/obo/RO_0002470	eats			Morus spp.		fruit				"Mammari, Cyprus"	35.17433	33.202765	2008	 10.4404/Hystrix-22.2-4587		"del Vaglio, M. A., Nicolau, H., Bosso, L., Russo, D. (2011). A first assessment of feeding habits in the fruit bat Rousettus aegyptiacus on Cyprus island. Hystrix, the Italian Journal of Mammalogy, 22(2). https://doi.org/10.4404/hystrix-22.2-4587"
		Rousettus aegyptiacus					http://purl.obolibrary.org/obo/RO_0002470	eats			Morus spp.		fruit				"Pissouri, Cyprus"	34.668236	32.699739	2008	 10.4404/Hystrix-22.2-4587		"del Vaglio, M. A., Nicolau, H., Bosso, L., Russo, D. (2011). A first assessment of feeding habits in the fruit bat Rousettus aegyptiacus on Cyprus island. Hystrix, the Italian Journal of Mammalogy, 22(2). https://doi.org/10.4404/hystrix-22.2-4587"
		Rousettus aegyptiacus					http://purl.obolibrary.org/obo/RO_0002470	eats			Styrax officinalis		fruit				"Mammari, Cyprus"	35.17433	33.202765	2008	 10.4404/Hystrix-22.2-4587		"del Vaglio, M. A., Nicolau, H., Bosso, L., Russo, D. (2011). A first assessment of feeding habits in the fruit bat Rousettus aegyptiacus on Cyprus island. Hystrix, the Italian Journal of Mammalogy, 22(2). https://doi.org/10.4404/hystrix-22.2-4587"
		Rousettus aegyptiacus					http://purl.obolibrary.org/obo/RO_0002470	eats			Styrax officinalis		fruit				"Pissouri, Cyprus"	34.668236	32.699739	2008	 10.4404/Hystrix-22.2-4587		"del Vaglio, M. A., Nicolau, H., Bosso, L., Russo, D. (2011). A first assessment of feeding habits in the fruit bat Rousettus aegyptiacus on Cyprus island. Hystrix, the Italian Journal of Mammalogy, 22(2). https://doi.org/10.4404/hystrix-22.2-4587"
		Rousettus aegyptiacus					http://purl.obolibrary.org/obo/RO_0002470	eats			Washingtonia filifera		fruit				"Mammari, Cyprus"	35.17433	33.202765	2008	 10.4404/Hystrix-22.2-4587		"del Vaglio, M. A., Nicolau, H., Bosso, L., Russo, D. (2011). A first assessment of feeding habits in the fruit bat Rousettus aegyptiacus on Cyprus island. Hystrix, the Italian Journal of Mammalogy, 22(2). https://doi.org/10.4404/hystrix-22.2-4587"
		Rousettus aegyptiacus					http://purl.obolibrary.org/obo/RO_0002470	eats			Washingtonia filifera		fruit				"Pissouri, Cyprus"	34.668236	32.699739	2008	 10.4404/Hystrix-22.2-4587		"del Vaglio, M. A., Nicolau, H., Bosso, L., Russo, D. (2011). A first assessment of feeding habits in the fruit bat Rousettus aegyptiacus on Cyprus island. Hystrix, the Italian Journal of Mammalogy, 22(2). https://doi.org/10.4404/hystrix-22.2-4587"
		Rousettus aegyptiacus					http://purl.obolibrary.org/obo/RO_0002470	eats			Arbutus andrachne		fruit				"Mount Carmel National Park, Israel"	32.666667	35.083333	1993-12/1995-11	10.1016/S0006-3207(98)00126-8		"Korine, C., Izhaki, I., & Arad, Z. (1999). Is the Egyptian fruit-bat Rousettus aegyptiacus a pest in Israel? An analysis of the bat's diet and implications for its conservation. Biological conservation, 88(3), 301-306."
		Rousettus aegyptiacus					http://purl.obolibrary.org/obo/RO_0002470	eats			Ceratonia siliqua		fruit				"Mount Carmel National Park, Israel"	32.666667	35.083333	1993-12/1995-11	10.1016/S0006-3207(98)00126-8		"Korine, C., Izhaki, I., & Arad, Z. (1999). Is the Egyptian fruit-bat Rousettus aegyptiacus a pest in Israel? An analysis of the bat's diet and implications for its conservation. Biological conservation, 88(3), 301-306."
		Rousettus aegyptiacus					http://purl.obolibrary.org/obo/RO_0002470	eats			Diospyros kaki		fruit				"Mount Carmel National Park, Israel"	32.666667	35.083333	1993-12/1995-11	10.1016/S0006-3207(98)00126-8		"Korine, C., Izhaki, I., & Arad, Z. (1999). Is the Egyptian fruit-bat Rousettus aegyptiacus a pest in Israel? An analysis of the bat's diet and implications for its conservation. Biological conservation, 88(3), 301-306."
		Rousettus aegyptiacus					http://purl.obolibrary.org/obo/RO_0002470	eats			Eriobotrya japonica		fruit				"Mount Carmel National Park, Israel"	32.666667	35.083333	1993-12/1995-11	10.1016/S0006-3207(98)00126-8		"Korine, C., Izhaki, I., & Arad, Z. (1999). Is the Egyptian fruit-bat Rousettus aegyptiacus a pest in Israel? An analysis of the bat's diet and implications for its conservation. Biological conservation, 88(3), 301-306."
		Rousettus aegyptiacus					http://purl.obolibrary.org/obo/RO_0002470	eats			Eugenia uniflora		fruit				"Mount Carmel National Park, Israel"	32.666667	35.083333	1993-12/1995-11	10.1016/S0006-3207(98)00126-8		"Korine, C., Izhaki, I., & Arad, Z. (1999). Is the Egyptian fruit-bat Rousettus aegyptiacus a pest in Israel? An analysis of the bat's diet and implications for its conservation. Biological conservation, 88(3), 301-306."
		Rousettus aegyptiacus					http://purl.obolibrary.org/obo/RO_0002470	eats			Ficus carica		fruit				"Mount Carmel National Park, Israel"	32.666667	35.083333	1993-12/1995-11	10.1016/S0006-3207(98)00126-8		"Korine, C., Izhaki, I., & Arad, Z. (1999). Is the Egyptian fruit-bat Rousettus aegyptiacus a pest in Israel? An analysis of the bat's diet and implications for its conservation. Biological conservation, 88(3), 301-306."
		Rousettus aegyptiacus					http://purl.obolibrary.org/obo/RO_0002470	eats			Ficus microcarpa		fruit				"Mount Carmel National Park, Israel"	32.666667	35.083333	1993-12/1995-11	10.1016/S0006-3207(98)00126-8		"Korine, C., Izhaki, I., & Arad, Z. (1999). Is the Egyptian fruit-bat Rousettus aegyptiacus a pest in Israel? An analysis of the bat's diet and implications for its conservation. Biological conservation, 88(3), 301-306."
		Rousettus aegyptiacus					http://purl.obolibrary.org/obo/RO_0002470	eats			Ficus religiosa		leaves				"Mount Carmel National Park, Israel"	32.666667	35.083333	1993-12/1995-11	10.1016/S0006-3207(98)00126-8		"Korine, C., Izhaki, I., & Arad, Z. (1999). Is the Egyptian fruit-bat Rousettus aegyptiacus a pest in Israel? An analysis of the bat's diet and implications for its conservation. Biological conservation, 88(3), 301-306."
		Rousettus aegyptiacus					http://purl.obolibrary.org/obo/RO_0002470	eats			Ficus rubiginosa		fruit				"Mount Carmel National Park, Israel"	32.666667	35.083333	1993-12/1995-11	10.1016/S0006-3207(98)00126-8		"Korine, C., Izhaki, I., & Arad, Z. (1999). Is the Egyptian fruit-bat Rousettus aegyptiacus a pest in Israel? An analysis of the bat's diet and implications for its conservation. Biological conservation, 88(3), 301-306."
		Rousettus aegyptiacus					http://purl.obolibrary.org/obo/RO_0002470	eats			Ficus sycomorus		fruit				"Mount Carmel National Park, Israel"	32.666667	35.083333	1993-12/1995-11	10.1016/S0006-3207(98)00126-8		"Korine, C., Izhaki, I., & Arad, Z. (1999). Is the Egyptian fruit-bat Rousettus aegyptiacus a pest in Israel? An analysis of the bat's diet and implications for its conservation. Biological conservation, 88(3), 301-306."
		Rousettus aegyptiacus					http://purl.obolibrary.org/obo/RO_0002470	eats			Lantana sp.		pollen				"Mount Carmel National Park, Israel"	32.666667	35.083333	1993-12/1995-11	10.1016/S0006-3207(98)00126-8		"Korine, C., Izhaki, I., & Arad, Z. (1999). Is the Egyptian fruit-bat Rousettus aegyptiacus a pest in Israel? An analysis of the bat's diet and implications for its conservation. Biological conservation, 88(3), 301-306."
		Rousettus aegyptiacus					http://purl.obolibrary.org/obo/RO_0002470	eats			Melia azedarach		fruit				"Mount Carmel National Park, Israel"	32.666667	35.083333	1993-12/1995-11	10.1016/S0006-3207(98)00126-8		"Korine, C., Izhaki, I., & Arad, Z. (1999). Is the Egyptian fruit-bat Rousettus aegyptiacus a pest in Israel? An analysis of the bat's diet and implications for its conservation. Biological conservation, 88(3), 301-306."
		Rousettus aegyptiacus					http://purl.obolibrary.org/obo/RO_0002470	eats			Morus nigra		fruit				"Mount Carmel National Park, Israel"	32.666667	35.083333	1993-12/1995-11	10.1016/S0006-3207(98)00126-8		"Korine, C., Izhaki, I., & Arad, Z. (1999). Is the Egyptian fruit-bat Rousettus aegyptiacus a pest in Israel? An analysis of the bat's diet and implications for its conservation. Biological conservation, 88(3), 301-306."
		Rousettus aegyptiacus					http://purl.obolibrary.org/obo/RO_0002470	eats			Phoenix dactylifera		fruit				"Mount Carmel National Park, Israel"	32.666667	35.083333	1993-12/1995-11	10.1016/S0006-3207(98)00126-8		"Korine, C., Izhaki, I., & Arad, Z. (1999). Is the Egyptian fruit-bat Rousettus aegyptiacus a pest in Israel? An analysis of the bat's diet and implications for its conservation. Biological conservation, 88(3), 301-306."
		Rousettus aegyptiacus					http://purl.obolibrary.org/obo/RO_0002470	eats			Agave americana		flower				"Mammari, Cyprus"	35.172	33.175	2009-07-23/2010-03-16	10.1093/jmammal/gyw014		"Radek K. Lu?an, Tomáš Bartoni?ka, Petr Jedli?ka, Šimon ?e?ucha, Martin Šálek, Martin ?ížek, Haris Nicolaou, Ivan Horá?ek, Spatial activity and feeding ecology of the endangered northern population of the Egyptian fruit bat ( Rousettus aegyptiacus ) , Journal of Mammalogy, Volume 97, Issue 3, 9 June 2016, Pages 815–822, https://doi.org/10.1093/jmammal/gyw014"
		Rousettus aegyptiacus					http://purl.obolibrary.org/obo/RO_0002470	eats			Citrus limon		fruit				"Mammari, Cyprus"	35.172	33.175	2009-07-23/2010-03-16	10.1093/jmammal/gyw014		"Radek K. Lu?an, Tomáš Bartoni?ka, Petr Jedli?ka, Šimon ?e?ucha, Martin Šálek, Martin ?ížek, Haris Nicolaou, Ivan Horá?ek, Spatial activity and feeding ecology of the endangered northern population of the Egyptian fruit bat ( Rousettus aegyptiacus ) , Journal of Mammalogy, Volume 97, Issue 3, 9 June 2016, Pages 815–822, https://doi.org/10.1093/jmammal/gyw014"
		Rousettus aegyptiacus					http://purl.obolibrary.org/obo/RO_0002470	eats			Citrus reticulata		fruit				"Mammari, Cyprus"	35.172	33.175	2009-07-23/2010-03-16	10.1093/jmammal/gyw014		"Radek K. Lu?an, Tomáš Bartoni?ka, Petr Jedli?ka, Šimon ?e?ucha, Martin Šálek, Martin ?ížek, Haris Nicolaou, Ivan Horá?ek, Spatial activity and feeding ecology of the endangered northern population of the Egyptian fruit bat ( Rousettus aegyptiacus ) , Journal of Mammalogy, Volume 97, Issue 3, 9 June 2016, Pages 815–822, https://doi.org/10.1093/jmammal/gyw014"
		Rousettus aegyptiacus					http://purl.obolibrary.org/obo/RO_0002470	eats			Eucalyptus spp.		flower				"Mammari, Cyprus"	35.172	33.175	2009-07-23/2010-03-16	10.1093/jmammal/gyw014		"Radek K. Lu?an, Tomáš Bartoni?ka, Petr Jedli?ka, Šimon ?e?ucha, Martin Šálek, Martin ?ížek, Haris Nicolaou, Ivan Horá?ek, Spatial activity and feeding ecology of the endangered northern population of the Egyptian fruit bat ( Rousettus aegyptiacus ) , Journal of Mammalogy, Volume 97, Issue 3, 9 June 2016, Pages 815–822, https://doi.org/10.1093/jmammal/gyw014"
		Rousettus aegyptiacus					http://purl.obolibrary.org/obo/RO_0002470	eats			Ficus carica		fruit				"Mammari, Cyprus"	35.172	33.175	2009-07-23/2010-03-16	10.1093/jmammal/gyw014		"Radek K. Lu?an, Tomáš Bartoni?ka, Petr Jedli?ka, Šimon ?e?ucha, Martin Šálek, Martin ?ížek, Haris Nicolaou, Ivan Horá?ek, Spatial activity and feeding ecology of the endangered northern population of the Egyptian fruit bat ( Rousettus aegyptiacus ) , Journal of Mammalogy, Volume 97, Issue 3, 9 June 2016, Pages 815–822, https://doi.org/10.1093/jmammal/gyw014"
		Rousettus aegyptiacus					http://purl.obolibrary.org/obo/RO_0002470	eats			Melia azedarach		fruit				"Mammari, Cyprus"	35.172	33.175	2009-07-23/2010-03-16	10.1093/jmammal/gyw014		"Radek K. Lu?an, Tomáš Bartoni?ka, Petr Jedli?ka, Šimon ?e?ucha, Martin Šálek, Martin ?ížek, Haris Nicolaou, Ivan Horá?ek, Spatial activity and feeding ecology of the endangered northern population of the Egyptian fruit bat ( Rousettus aegyptiacus ) , Journal of Mammalogy, Volume 97, Issue 3, 9 June 2016, Pages 815–822, https://doi.org/10.1093/jmammal/gyw014"
		Rousettus aegyptiacus					http://purl.obolibrary.org/obo/RO_0002470	eats			Myrtus communis		fruit				"Mammari, Cyprus"	35.172	33.175	2009-07-23/2010-03-16	10.1093/jmammal/gyw014		"Radek K. Lu?an, Tomáš Bartoni?ka, Petr Jedli?ka, Šimon ?e?ucha, Martin Šálek, Martin ?ížek, Haris Nicolaou, Ivan Horá?ek, Spatial activity and feeding ecology of the endangered northern population of the Egyptian fruit bat ( Rousettus aegyptiacus ) , Journal of Mammalogy, Volume 97, Issue 3, 9 June 2016, Pages 815–822, https://doi.org/10.1093/jmammal/gyw014"
		Rousettus aegyptiacus					http://purl.obolibrary.org/obo/RO_0002470	eats			Phoenix dactylifera		fruit				"Mammari, Cyprus"	35.172	33.175	2009-07-23/2010-03-16	10.1093/jmammal/gyw014		"Radek K. Lu?an, Tomáš Bartoni?ka, Petr Jedli?ka, Šimon ?e?ucha, Martin Šálek, Martin ?ížek, Haris Nicolaou, Ivan Horá?ek, Spatial activity and feeding ecology of the endangered northern population of the Egyptian fruit bat ( Rousettus aegyptiacus ) , Journal of Mammalogy, Volume 97, Issue 3, 9 June 2016, Pages 815–822, https://doi.org/10.1093/jmammal/gyw014"
		Rousettus aegyptiacus					http://purl.obolibrary.org/obo/RO_0002470	eats			Phoenix dactylifera		flower				"Mammari, Cyprus"	35.172	33.175	2009-07-23/2010-03-16	10.1093/jmammal/gyw014		"Radek K. Lu?an, Tomáš Bartoni?ka, Petr Jedli?ka, Šimon ?e?ucha, Martin Šálek, Martin ?ížek, Haris Nicolaou, Ivan Horá?ek, Spatial activity and feeding ecology of the endangered northern population of the Egyptian fruit bat ( Rousettus aegyptiacus ) , Journal of Mammalogy, Volume 97, Issue 3, 9 June 2016, Pages 815–822, https://doi.org/10.1093/jmammal/gyw014"
		Rousettus aegyptiacus					http://purl.obolibrary.org/obo/RO_0002470	eats			Ficus sur		fruit				"Cape Town, South Africa"	-33.986429	18.435364	2004-09/2005-05	10.3161/1733-5329(2006)8[549:DIBTFB]2.0.CO;2		"Robert M. R. Barclay, Laura E. Barclay, David S. Jacobs ""Deliberate insectivory by the fruit bat Rousettus aegyptiacus,"" Acta Chiropterologica, 8(2), 549-553, (1 December 2006)"
		Rousettus aegyptiacus					http://purl.obolibrary.org/obo/RO_0002470	eats			Pachnoda sinuata						"Cape Town, South Africa"	-33.986429	18.435364	2004-09/2005-05	10.3161/1733-5329(2006)8[549:DIBTFB]2.0.CO;2		"Robert M. R. Barclay, Laura E. Barclay, David S. Jacobs ""Deliberate insectivory by the fruit bat Rousettus aegyptiacus,"" Acta Chiropterologica, 8(2), 549-553, (1 December 2006)"
		Rousettus aegyptiacus					http://purl.obolibrary.org/obo/RO_0002470	eats			Cordia myxa		fruit				"Qeshm Island, Iran"	26.810162	55.898783	2004-04/2006-03			"ZOHOORI, H., KIABI, B. H., KARAMI, M., Khorasani, N., DARESHOORI, B., & Dakhteh, M. H. (2007). Some observation on fruit used by birds and Egyptian fruit bat Rousettus aegyptiacus on Qeshm Island, Southern Iran. Podoces, 2(2), 156-9."
		Rousettus aegyptiacus					http://purl.obolibrary.org/obo/RO_0002470	eats			Ficus bengalensis		fruit				"Qeshm Island, Iran"	26.810162	55.898783	2004-04/2006-03			"ZOHOORI, H., KIABI, B. H., KARAMI, M., Khorasani, N., DARESHOORI, B., & Dakhteh, M. H. (2007). Some observation on fruit used by birds and Egyptian fruit bat Rousettus aegyptiacus on Qeshm Island, Southern Iran. Podoces, 2(2), 156-9."
		Rousettus aegyptiacus					http://purl.obolibrary.org/obo/RO_0002470	eats			Melia azadirachta		fruit				"Qeshm Island, Iran"	26.810162	55.898783	2004-04/2006-03			"ZOHOORI, H., KIABI, B. H., KARAMI, M., Khorasani, N., DARESHOORI, B., & Dakhteh, M. H. (2007). Some observation on fruit used by birds and Egyptian fruit bat Rousettus aegyptiacus on Qeshm Island, Southern Iran. Podoces, 2(2), 156-9."
		Rousettus aegyptiacus					http://purl.obolibrary.org/obo/RO_0002470	eats			Melia azedarch		fruit				"Qeshm Island, Iran"	26.810162	55.898783	2004-04/2006-03			"ZOHOORI, H., KIABI, B. H., KARAMI, M., Khorasani, N., DARESHOORI, B., & Dakhteh, M. H. (2007). Some observation on fruit used by birds and Egyptian fruit bat Rousettus aegyptiacus on Qeshm Island, Southern Iran. Podoces, 2(2), 156-9."
		Rousettus aegyptiacus					http://purl.obolibrary.org/obo/RO_0002470	eats			Phoenix dactylifera		fruit				"Qeshm Island, Iran"	26.810162	55.898783	2004-04/2006-03			"ZOHOORI, H., KIABI, B. H., KARAMI, M., Khorasani, N., DARESHOORI, B., & Dakhteh, M. H. (2007). Some observation on fruit used by birds and Egyptian fruit bat Rousettus aegyptiacus on Qeshm Island, Southern Iran. Podoces, 2(2), 156-9."
		Rousettus aegyptiacus					http://purl.obolibrary.org/obo/RO_0002470	eats			Prosopis juliflora		fruit				"Qeshm Island, Iran"	26.810162	55.898783	2004-04/2006-03			"ZOHOORI, H., KIABI, B. H., KARAMI, M., Khorasani, N., DARESHOORI, B., & Dakhteh, M. H. (2007). Some observation on fruit used by birds and Egyptian fruit bat Rousettus aegyptiacus on Qeshm Island, Southern Iran. Podoces, 2(2), 156-9."
		Rousettus aegyptiacus					http://purl.obolibrary.org/obo/RO_0002470	eats			Terminalia catapa		fruit				"Qeshm Island, Iran"	26.810162	55.898783	2004-04/2006-03			"ZOHOORI, H., KIABI, B. H., KARAMI, M., Khorasani, N., DARESHOORI, B., & Dakhteh, M. H. (2007). Some observation on fruit used by birds and Egyptian fruit bat Rousettus aegyptiacus on Qeshm Island, Southern Iran. Podoces, 2(2), 156-9."
		Rousettus aegyptiacus					http://purl.obolibrary.org/obo/RO_0002470	eats			Ziziphus jujube		fruit				"Qeshm Island, Iran"	26.810162	55.898783	2004-04/2006-03			"ZOHOORI, H., KIABI, B. H., KARAMI, M., Khorasani, N., DARESHOORI, B., & Dakhteh, M. H. (2007). Some observation on fruit used by birds and Egyptian fruit bat Rousettus aegyptiacus on Qeshm Island, Southern Iran. Podoces, 2(2), 156-9."
		Rousettus aegyptiacus					http://purl.obolibrary.org/obo/RO_0002470	eats			Ziziphus spina-christi		fruit				"Qeshm Island, Iran"	26.810162	55.898783	2004-04/2006-03			"ZOHOORI, H., KIABI, B. H., KARAMI, M., Khorasani, N., DARESHOORI, B., & Dakhteh, M. H. (2007). Some observation on fruit used by birds and Egyptian fruit bat Rousettus aegyptiacus on Qeshm Island, Southern Iran. Podoces, 2(2), 156-9."
		Arthrorhynchus acrandros					http://purl.obolibrary.org/obo/RO_0002632	ectoparasite of			Phthiridium biarticulatum										10.1016/j.pt.2018.06.006		"Haelewaters, D., Hiller, T., & Dick, C. W. (2018). Bats, bat flies, and fungi: a case of hyperparasitism. Trends in parasitology, 34(9), 784-799."
		Arthrorhynchus cyclopodiae					http://purl.obolibrary.org/obo/RO_0002632	ectoparasite of			Cyclopodia macrura										10.1016/j.pt.2018.06.006		"Haelewaters, D., Hiller, T., & Dick, C. W. (2018). Bats, bat flies, and fungi: a case of hyperparasitism. Trends in parasitology, 34(9), 784-799."
		Arthrorhynchus eucampsipodae					http://purl.obolibrary.org/obo/RO_0002632	ectoparasite of			Basilia pumila										10.1016/j.pt.2018.06.006		"Haelewaters, D., Hiller, T., & Dick, C. W. (2018). Bats, bat flies, and fungi: a case of hyperparasitism. Trends in parasitology, 34(9), 784-799."
		Arthrorhynchus eucampsipodae					http://purl.obolibrary.org/obo/RO_0002632	ectoparasite of			Cyclopodia ferrarii										10.1016/j.pt.2018.06.006		"Haelewaters, D., Hiller, T., & Dick, C. W. (2018). Bats, bat flies, and fungi: a case of hyperparasitism. Trends in parasitology, 34(9), 784-799."
		Arthrorhynchus eucampsipodae					http://purl.obolibrary.org/obo/RO_0002632	ectoparasite of			Eucampsipoda africana										10.1016/j.pt.2018.06.006		"Haelewaters, D., Hiller, T., & Dick, C. W. (2018). Bats, bat flies, and fungi: a case of hyperparasitism. Trends in parasitology, 34(9), 784-799."
		Arthrorhynchus eucampsipodae					http://purl.obolibrary.org/obo/RO_0002632	ectoparasite of			Eucampsipoda hyrtli										10.1016/j.pt.2018.06.006		"Haelewaters, D., Hiller, T., & Dick, C. W. (2018). Bats, bat flies, and fungi: a case of hyperparasitism. Trends in parasitology, 34(9), 784-799."
		Arthrorhynchus eucampsipodae					http://purl.obolibrary.org/obo/RO_0002632	ectoparasite of			Eucampsipoda inermis										10.1016/j.pt.2018.06.006		"Haelewaters, D., Hiller, T., & Dick, C. W. (2018). Bats, bat flies, and fungi: a case of hyperparasitism. Trends in parasitology, 34(9), 784-799."
		Arthrorhynchus eucampsipodae					http://purl.obolibrary.org/obo/RO_0002632	ectoparasite of			Nycteribia kolenatii										10.1016/j.pt.2018.06.006		"Haelewaters, D., Hiller, T., & Dick, C. W. (2018). Bats, bat flies, and fungi: a case of hyperparasitism. Trends in parasitology, 34(9), 784-799."
		Arthrorhynchus eucampsipodae					http://purl.obolibrary.org/obo/RO_0002632	ectoparasite of			Nycteribia parvula										10.1016/j.pt.2018.06.006		"Haelewaters, D., Hiller, T., & Dick, C. W. (2018). Bats, bat flies, and fungi: a case of hyperparasitism. Trends in parasitology, 34(9), 784-799."
		Arthrorhynchus eucampsipodae					http://purl.obolibrary.org/obo/RO_0002632	ectoparasite of			Nycteribia pedicularia										10.1016/j.pt.2018.06.006		"Haelewaters, D., Hiller, T., & Dick, C. W. (2018). Bats, bat flies, and fungi: a case of hyperparasitism. Trends in parasitology, 34(9), 784-799."
		Arthrorhynchus eucampsipodae					http://purl.obolibrary.org/obo/RO_0002632	ectoparasite of			Nycteribia progressa										10.1016/j.pt.2018.06.006		"Haelewaters, D., Hiller, T., & Dick, C. W. (2018). Bats, bat flies, and fungi: a case of hyperparasitism. Trends in parasitology, 34(9), 784-799."
		Arthrorhynchus eucampsipodae					http://purl.obolibrary.org/obo/RO_0002632	ectoparasite of			Nycteribia schmidlii										10.1016/j.pt.2018.06.006		"Haelewaters, D., Hiller, T., & Dick, C. W. (2018). Bats, bat flies, and fungi: a case of hyperparasitism. Trends in parasitology, 34(9), 784-799."
		Arthrorhynchus eucampsipodae					http://purl.obolibrary.org/obo/RO_0002632	ectoparasite of			Nycteribia vexata										10.1016/j.pt.2018.06.006		"Haelewaters, D., Hiller, T., & Dick, C. W. (2018). Bats, bat flies, and fungi: a case of hyperparasitism. Trends in parasitology, 34(9), 784-799."
		Arthrorhynchus eucampsipodae					http://purl.obolibrary.org/obo/RO_0002632	ectoparasite of			Penicillidia dufourii										10.1016/j.pt.2018.06.006		"Haelewaters, D., Hiller, T., & Dick, C. W. (2018). Bats, bat flies, and fungi: a case of hyperparasitism. Trends in parasitology, 34(9), 784-799."
		Arthrorhynchus nycteribiae					http://purl.obolibrary.org/obo/RO_0002632	ectoparasite of			Nycteribia blasii										10.1016/j.pt.2018.06.006		"Haelewaters, D., Hiller, T., & Dick, C. W. (2018). Bats, bat flies, and fungi: a case of hyperparasitism. Trends in parasitology, 34(9), 784-799."
		Arthrorhynchus nycteribiae					http://purl.obolibrary.org/obo/RO_0002632	ectoparasite of			Nycteribia kolenatii										10.1016/j.pt.2018.06.006		"Haelewaters, D., Hiller, T., & Dick, C. W. (2018). Bats, bat flies, and fungi: a case of hyperparasitism. Trends in parasitology, 34(9), 784-799."
		Arthrorhynchus nycteribiae					http://purl.obolibrary.org/obo/RO_0002632	ectoparasite of			Nycteribia latreillei										10.1016/j.pt.2018.06.006		"Haelewaters, D., Hiller, T., & Dick, C. W. (2018). Bats, bat flies, and fungi: a case of hyperparasitism. Trends in parasitology, 34(9), 784-799."
		Arthrorhynchus nycteribiae					http://purl.obolibrary.org/obo/RO_0002632	ectoparasite of			Nycteribia pedicularia										10.1016/j.pt.2018.06.006		"Haelewaters, D., Hiller, T., & Dick, C. W. (2018). Bats, bat flies, and fungi: a case of hyperparasitism. Trends in parasitology, 34(9), 784-799."
		Arthrorhynchus nycteribiae					http://purl.obolibrary.org/obo/RO_0002632	ectoparasite of			Nycteribia schmidlii										10.1016/j.pt.2018.06.006		"Haelewaters, D., Hiller, T., & Dick, C. W. (2018). Bats, bat flies, and fungi: a case of hyperparasitism. Trends in parasitology, 34(9), 784-799."
		Arthrorhynchus nycteribiae					http://purl.obolibrary.org/obo/RO_0002632	ectoparasite of			Nycteribia vexata										10.1016/j.pt.2018.06.006		"Haelewaters, D., Hiller, T., & Dick, C. W. (2018). Bats, bat flies, and fungi: a case of hyperparasitism. Trends in parasitology, 34(9), 784-799."
		Arthrorhynchus nycteribiae					http://purl.obolibrary.org/obo/RO_0002632	ectoparasite of			Penicillidia conspicua										10.1016/j.pt.2018.06.006		"Haelewaters, D., Hiller, T., & Dick, C. W. (2018). Bats, bat flies, and fungi: a case of hyperparasitism. Trends in parasitology, 34(9), 784-799."
		Arthrorhynchus nycteribiae					http://purl.obolibrary.org/obo/RO_0002632	ectoparasite of			Penicillidia dufourii										10.1016/j.pt.2018.06.006		"Haelewaters, D., Hiller, T., & Dick, C. W. (2018). Bats, bat flies, and fungi: a case of hyperparasitism. Trends in parasitology, 34(9), 784-799."
		Arthrorhynchus nycteribiae					http://purl.obolibrary.org/obo/RO_0002632	ectoparasite of			Penicillidia fulvida										10.1016/j.pt.2018.06.006		"Haelewaters, D., Hiller, T., & Dick, C. W. (2018). Bats, bat flies, and fungi: a case of hyperparasitism. Trends in parasitology, 34(9), 784-799."
		Arthrorhynchus nycteribiae					http://purl.obolibrary.org/obo/RO_0002632	ectoparasite of			Penicillidia indica										10.1016/j.pt.2018.06.006		"Haelewaters, D., Hiller, T., & Dick, C. W. (2018). Bats, bat flies, and fungi: a case of hyperparasitism. Trends in parasitology, 34(9), 784-799."
		Arthrorhynchus nycteribiae					http://purl.obolibrary.org/obo/RO_0002632	ectoparasite of			Penicillidia jenynsii										10.1016/j.pt.2018.06.006		"Haelewaters, D., Hiller, T., & Dick, C. W. (2018). Bats, bat flies, and fungi: a case of hyperparasitism. Trends in parasitology, 34(9), 784-799."
		Arthrorhynchus nycteribiae					http://purl.obolibrary.org/obo/RO_0002632	ectoparasite of			Penicillidia oceanica										10.1016/j.pt.2018.06.006		"Haelewaters, D., Hiller, T., & Dick, C. W. (2018). Bats, bat flies, and fungi: a case of hyperparasitism. Trends in parasitology, 34(9), 784-799."
		Arthrorhynchus nycteribiae					http://purl.obolibrary.org/obo/RO_0002632	ectoparasite of			Penicillidia pachymela										10.1016/j.pt.2018.06.006		"Haelewaters, D., Hiller, T., & Dick, C. W. (2018). Bats, bat flies, and fungi: a case of hyperparasitism. Trends in parasitology, 34(9), 784-799."
		Arthrorhynchus nycteribiae					http://purl.obolibrary.org/obo/RO_0002632	ectoparasite of			Phthiridium biarticulatum										10.1016/j.pt.2018.06.006		"Haelewaters, D., Hiller, T., & Dick, C. W. (2018). Bats, bat flies, and fungi: a case of hyperparasitism. Trends in parasitology, 34(9), 784-799."
		Arthrorhynchus nycteribiae					http://purl.obolibrary.org/obo/RO_0002632	ectoparasite of			Phthiridium ceylonicum										10.1016/j.pt.2018.06.006		"Haelewaters, D., Hiller, T., & Dick, C. W. (2018). Bats, bat flies, and fungi: a case of hyperparasitism. Trends in parasitology, 34(9), 784-799."
		Arthrorhynchus nycteribiae					http://purl.obolibrary.org/obo/RO_0002632	ectoparasite of			Phthiridium phillipsi										10.1016/j.pt.2018.06.006		"Haelewaters, D., Hiller, T., & Dick, C. W. (2018). Bats, bat flies, and fungi: a case of hyperparasitism. Trends in parasitology, 34(9), 784-799."
		Arthrorhynchus sp.					http://purl.obolibrary.org/obo/RO_0002632	ectoparasite of			Nycteribia parvula										10.1016/j.pt.2018.06.006		"Haelewaters, D., Hiller, T., & Dick, C. W. (2018). Bats, bat flies, and fungi: a case of hyperparasitism. Trends in parasitology, 34(9), 784-799."
		Basilia pumila					http://purl.obolibrary.org/obo/RO_0002632	ectoparasite of			Pipistrellus javanicus										10.1016/j.pt.2018.06.006		"Haelewaters, D., Hiller, T., & Dick, C. W. (2018). Bats, bat flies, and fungi: a case of hyperparasitism. Trends in parasitology, 34(9), 784-799."
		Cyclopodia ferrarii					http://purl.obolibrary.org/obo/RO_0002632	ectoparasite of			Chironax melanocephalus										10.1016/j.pt.2018.06.006		"Haelewaters, D., Hiller, T., & Dick, C. W. (2018). Bats, bat flies, and fungi: a case of hyperparasitism. Trends in parasitology, 34(9), 784-799."
		Eucampsipoda africana					http://purl.obolibrary.org/obo/RO_0002632	ectoparasite of			Rousettus aegyptiacus										10.1016/j.pt.2018.06.006		"Haelewaters, D., Hiller, T., & Dick, C. W. (2018). Bats, bat flies, and fungi: a case of hyperparasitism. Trends in parasitology, 34(9), 784-799."
		Eucampsipoda hyrtli					http://purl.obolibrary.org/obo/RO_0002632	ectoparasite of			Rousettus aegyptiacus										10.1016/j.pt.2018.06.006		"Haelewaters, D., Hiller, T., & Dick, C. W. (2018). Bats, bat flies, and fungi: a case of hyperparasitism. Trends in parasitology, 34(9), 784-799."
		Gloeandromyces nycteribiidarum					http://purl.obolibrary.org/obo/RO_0002632	ectoparasite of			Megistopoda aranea										10.1016/j.pt.2018.06.006		"Haelewaters, D., Hiller, T., & Dick, C. W. (2018). Bats, bat flies, and fungi: a case of hyperparasitism. Trends in parasitology, 34(9), 784-799."
		Gloeandromyces nycteribiidarum					http://purl.obolibrary.org/obo/RO_0002632	ectoparasite of			Trichobius yunkeri										10.1016/j.pt.2018.06.006		"Haelewaters, D., Hiller, T., & Dick, C. W. (2018). Bats, bat flies, and fungi: a case of hyperparasitism. Trends in parasitology, 34(9), 784-799."
		Gloeandromyces pageanus					http://purl.obolibrary.org/obo/RO_0002632	ectoparasite of			Trichobius dugesioides										10.1016/j.pt.2018.06.006		"Haelewaters, D., Hiller, T., & Dick, C. W. (2018). Bats, bat flies, and fungi: a case of hyperparasitism. Trends in parasitology, 34(9), 784-799."
		Gloeandromyces sp.					http://purl.obolibrary.org/obo/RO_0002632	ectoparasite of			Speiseria ambigua										10.1016/j.pt.2018.06.006		"Haelewaters, D., Hiller, T., & Dick, C. W. (2018). Bats, bat flies, and fungi: a case of hyperparasitism. Trends in parasitology, 34(9), 784-799."
		Gloeandromyces sp.					http://purl.obolibrary.org/obo/RO_0002632	ectoparasite of			Trichobius joblingi										10.1016/j.pt.2018.06.006		"Haelewaters, D., Hiller, T., & Dick, C. W. (2018). Bats, bat flies, and fungi: a case of hyperparasitism. Trends in parasitology, 34(9), 784-799."
		Gloeandromyces streblae					http://purl.obolibrary.org/obo/RO_0002632	ectoparasite of			Strebla wiedemanni										10.1016/j.pt.2018.06.006		"Haelewaters, D., Hiller, T., & Dick, C. W. (2018). Bats, bat flies, and fungi: a case of hyperparasitism. Trends in parasitology, 34(9), 784-799."
		Gloeandromyces streblae					http://purl.obolibrary.org/obo/RO_0002632	ectoparasite of			Trichobius dugesioides										10.1016/j.pt.2018.06.006		"Haelewaters, D., Hiller, T., & Dick, C. W. (2018). Bats, bat flies, and fungi: a case of hyperparasitism. Trends in parasitology, 34(9), 784-799."
		Gloeandromyces streblae					http://purl.obolibrary.org/obo/RO_0002632	ectoparasite of			Trichobius joblingi										10.1016/j.pt.2018.06.006		"Haelewaters, D., Hiller, T., & Dick, C. W. (2018). Bats, bat flies, and fungi: a case of hyperparasitism. Trends in parasitology, 34(9), 784-799."
		Gloeandromyces streblae					http://purl.obolibrary.org/obo/RO_0002632	ectoparasite of			Trichobius yunkeri										10.1016/j.pt.2018.06.006		"Haelewaters, D., Hiller, T., & Dick, C. W. (2018). Bats, bat flies, and fungi: a case of hyperparasitism. Trends in parasitology, 34(9), 784-799."
		Megistopoda aranea					http://purl.obolibrary.org/obo/RO_0002632	ectoparasite of			Artibeus jamaicensis										10.1016/j.pt.2018.06.006		"Haelewaters, D., Hiller, T., & Dick, C. W. (2018). Bats, bat flies, and fungi: a case of hyperparasitism. Trends in parasitology, 34(9), 784-799."
		Nycteribia kolenatii					http://purl.obolibrary.org/obo/RO_0002632	ectoparasite of			Myotis daubentonii										10.1016/j.pt.2018.06.006		"Haelewaters, D., Hiller, T., & Dick, C. W. (2018). Bats, bat flies, and fungi: a case of hyperparasitism. Trends in parasitology, 34(9), 784-799."
		Nycteribia kolenatii					http://purl.obolibrary.org/obo/RO_0002632	ectoparasite of			Myotis nattereri										10.1016/j.pt.2018.06.006		"Haelewaters, D., Hiller, T., & Dick, C. W. (2018). Bats, bat flies, and fungi: a case of hyperparasitism. Trends in parasitology, 34(9), 784-799."
		Nycteribia latreillei					http://purl.obolibrary.org/obo/RO_0002632	ectoparasite of			Myotis emarginatus										10.1016/j.pt.2018.06.006		"Haelewaters, D., Hiller, T., & Dick, C. W. (2018). Bats, bat flies, and fungi: a case of hyperparasitism. Trends in parasitology, 34(9), 784-799."
		Nycteribia parvula					http://purl.obolibrary.org/obo/RO_0002632	ectoparasite of			Miniopterus schreibersii										10.1016/j.pt.2018.06.006		"Haelewaters, D., Hiller, T., & Dick, C. W. (2018). Bats, bat flies, and fungi: a case of hyperparasitism. Trends in parasitology, 34(9), 784-799."
		Nycteribia pedicularia					http://purl.obolibrary.org/obo/RO_0002632	ectoparasite of			Myotis capaccinii										10.1016/j.pt.2018.06.006		"Haelewaters, D., Hiller, T., & Dick, C. W. (2018). Bats, bat flies, and fungi: a case of hyperparasitism. Trends in parasitology, 34(9), 784-799."
		Nycteribia pedicularia					http://purl.obolibrary.org/obo/RO_0002632	ectoparasite of			Rhinolophus hipposideros										10.1016/j.pt.2018.06.006		"Haelewaters, D., Hiller, T., & Dick, C. W. (2018). Bats, bat flies, and fungi: a case of hyperparasitism. Trends in parasitology, 34(9), 784-799."
		Nycteribia schmidlii					http://purl.obolibrary.org/obo/RO_0002632	ectoparasite of			Miniopterus natalensis										10.1016/j.pt.2018.06.006		"Haelewaters, D., Hiller, T., & Dick, C. W. (2018). Bats, bat flies, and fungi: a case of hyperparasitism. Trends in parasitology, 34(9), 784-799."
		Nycteribia schmidlii					http://purl.obolibrary.org/obo/RO_0002632	ectoparasite of			Miniopterus schreibersii										10.1016/j.pt.2018.06.006		"Haelewaters, D., Hiller, T., & Dick, C. W. (2018). Bats, bat flies, and fungi: a case of hyperparasitism. Trends in parasitology, 34(9), 784-799."
		Nycteribia vexata					http://purl.obolibrary.org/obo/RO_0002632	ectoparasite of			Myotis murinus										10.1016/j.pt.2018.06.006		"Haelewaters, D., Hiller, T., & Dick, C. W. (2018). Bats, bat flies, and fungi: a case of hyperparasitism. Trends in parasitology, 34(9), 784-799."
		Nycteribia vexata					http://purl.obolibrary.org/obo/RO_0002632	ectoparasite of			Myotis oxygnathus										10.1016/j.pt.2018.06.006		"Haelewaters, D., Hiller, T., & Dick, C. W. (2018). Bats, bat flies, and fungi: a case of hyperparasitism. Trends in parasitology, 34(9), 784-799."
		Nycteromyces streblidinus					http://purl.obolibrary.org/obo/RO_0002632	ectoparasite of			Megistopoda aranea										10.1016/j.pt.2018.06.006		"Haelewaters, D., Hiller, T., & Dick, C. W. (2018). Bats, bat flies, and fungi: a case of hyperparasitism. Trends in parasitology, 34(9), 784-799."
		Nycteromyces streblidinus					http://purl.obolibrary.org/obo/RO_0002632	ectoparasite of			Strebla wiedemanni										10.1016/j.pt.2018.06.006		"Haelewaters, D., Hiller, T., & Dick, C. W. (2018). Bats, bat flies, and fungi: a case of hyperparasitism. Trends in parasitology, 34(9), 784-799."
		Nycteromyces streblidinus					http://purl.obolibrary.org/obo/RO_0002632	ectoparasite of			Trichobius costalimai										10.1016/j.pt.2018.06.006		"Haelewaters, D., Hiller, T., & Dick, C. W. (2018). Bats, bat flies, and fungi: a case of hyperparasitism. Trends in parasitology, 34(9), 784-799."
		Nycteromyces streblidinus					http://purl.obolibrary.org/obo/RO_0002632	ectoparasite of			Trichobius joblingi										10.1016/j.pt.2018.06.006		"Haelewaters, D., Hiller, T., & Dick, C. W. (2018). Bats, bat flies, and fungi: a case of hyperparasitism. Trends in parasitology, 34(9), 784-799."
		Penicillidia conspicua					http://purl.obolibrary.org/obo/RO_0002632	ectoparasite of			Miniopterus schreibersii										10.1016/j.pt.2018.06.006		"Haelewaters, D., Hiller, T., & Dick, C. W. (2018). Bats, bat flies, and fungi: a case of hyperparasitism. Trends in parasitology, 34(9), 784-799."
		Penicillidia conspicua					http://purl.obolibrary.org/obo/RO_0002632	ectoparasite of			Myotis capaccinii										10.1016/j.pt.2018.06.006		"Haelewaters, D., Hiller, T., & Dick, C. W. (2018). Bats, bat flies, and fungi: a case of hyperparasitism. Trends in parasitology, 34(9), 784-799."
		Penicillidia conspicua					http://purl.obolibrary.org/obo/RO_0002632	ectoparasite of			Myotis daubentonii										10.1016/j.pt.2018.06.006		"Haelewaters, D., Hiller, T., & Dick, C. W. (2018). Bats, bat flies, and fungi: a case of hyperparasitism. Trends in parasitology, 34(9), 784-799."
		Penicillidia conspicua					http://purl.obolibrary.org/obo/RO_0002632	ectoparasite of			Myotis myotis										10.1016/j.pt.2018.06.006		"Haelewaters, D., Hiller, T., & Dick, C. W. (2018). Bats, bat flies, and fungi: a case of hyperparasitism. Trends in parasitology, 34(9), 784-799."
		Penicillidia conspicua					http://purl.obolibrary.org/obo/RO_0002632	ectoparasite of			Rhinolophus euryale										10.1016/j.pt.2018.06.006		"Haelewaters, D., Hiller, T., & Dick, C. W. (2018). Bats, bat flies, and fungi: a case of hyperparasitism. Trends in parasitology, 34(9), 784-799."
		Penicillidia conspicua					http://purl.obolibrary.org/obo/RO_0002632	ectoparasite of			Rhinolophus ferrumequinum										10.1016/j.pt.2018.06.006		"Haelewaters, D., Hiller, T., & Dick, C. W. (2018). Bats, bat flies, and fungi: a case of hyperparasitism. Trends in parasitology, 34(9), 784-799."
		Penicillidia dufourii					http://purl.obolibrary.org/obo/RO_0002632	ectoparasite of			Miniopterus schreibersii										10.1016/j.pt.2018.06.006		"Haelewaters, D., Hiller, T., & Dick, C. W. (2018). Bats, bat flies, and fungi: a case of hyperparasitism. Trends in parasitology, 34(9), 784-799."
		Penicillidia dufourii					http://purl.obolibrary.org/obo/RO_0002632	ectoparasite of			Myotis murinus										10.1016/j.pt.2018.06.006		"Haelewaters, D., Hiller, T., & Dick, C. W. (2018). Bats, bat flies, and fungi: a case of hyperparasitism. Trends in parasitology, 34(9), 784-799."
		Penicillidia dufourii					http://purl.obolibrary.org/obo/RO_0002632	ectoparasite of			Myotis myotis										10.1016/j.pt.2018.06.006		"Haelewaters, D., Hiller, T., & Dick, C. W. (2018). Bats, bat flies, and fungi: a case of hyperparasitism. Trends in parasitology, 34(9), 784-799."
		Penicillidia fulvida					http://purl.obolibrary.org/obo/RO_0002632	ectoparasite of			Miniopterus natalensis										10.1016/j.pt.2018.06.006		"Haelewaters, D., Hiller, T., & Dick, C. W. (2018). Bats, bat flies, and fungi: a case of hyperparasitism. Trends in parasitology, 34(9), 784-799."
		Penicillidia fulvida					http://purl.obolibrary.org/obo/RO_0002632	ectoparasite of			Rhinolophus ferrumequinum										10.1016/j.pt.2018.06.006		"Haelewaters, D., Hiller, T., & Dick, C. W. (2018). Bats, bat flies, and fungi: a case of hyperparasitism. Trends in parasitology, 34(9), 784-799."
		Penicillidia indica					http://purl.obolibrary.org/obo/RO_0002632	ectoparasite of			Miniopterus schreibersii										10.1016/j.pt.2018.06.006		"Haelewaters, D., Hiller, T., & Dick, C. W. (2018). Bats, bat flies, and fungi: a case of hyperparasitism. Trends in parasitology, 34(9), 784-799."
		Penicillidia jenynsii					http://purl.obolibrary.org/obo/RO_0002632	ectoparasite of			Miniopterus schreibersii										10.1016/j.pt.2018.06.006		"Haelewaters, D., Hiller, T., & Dick, C. W. (2018). Bats, bat flies, and fungi: a case of hyperparasitism. Trends in parasitology, 34(9), 784-799."
		Penicillidia oceanica					http://purl.obolibrary.org/obo/RO_0002632	ectoparasite of			Miniopterus schreibersii										10.1016/j.pt.2018.06.006		"Haelewaters, D., Hiller, T., & Dick, C. W. (2018). Bats, bat flies, and fungi: a case of hyperparasitism. Trends in parasitology, 34(9), 784-799."
		Penicillidia pachymela					http://purl.obolibrary.org/obo/RO_0002632	ectoparasite of			Hipposideros caffer										10.1016/j.pt.2018.06.006		"Haelewaters, D., Hiller, T., & Dick, C. W. (2018). Bats, bat flies, and fungi: a case of hyperparasitism. Trends in parasitology, 34(9), 784-799."
		Phthiridium biarticulatum					http://purl.obolibrary.org/obo/RO_0002632	ectoparasite of			Miniopterus sp.										10.1016/j.pt.2018.06.006		"Haelewaters, D., Hiller, T., & Dick, C. W. (2018). Bats, bat flies, and fungi: a case of hyperparasitism. Trends in parasitology, 34(9), 784-799."
		Phthiridium biarticulatum					http://purl.obolibrary.org/obo/RO_0002632	ectoparasite of			Rhinolophus ferrumequinum										10.1016/j.pt.2018.06.006		"Haelewaters, D., Hiller, T., & Dick, C. W. (2018). Bats, bat flies, and fungi: a case of hyperparasitism. Trends in parasitology, 34(9), 784-799."
		Phthiridium ceylonicum					http://purl.obolibrary.org/obo/RO_0002632	ectoparasite of			Hipposideros lankadiva										10.1016/j.pt.2018.06.006		"Haelewaters, D., Hiller, T., & Dick, C. W. (2018). Bats, bat flies, and fungi: a case of hyperparasitism. Trends in parasitology, 34(9), 784-799."
		Phthiridium phillipsi					http://purl.obolibrary.org/obo/RO_0002632	ectoparasite of			Rhinolophus rouxii										10.1016/j.pt.2018.06.006		"Haelewaters, D., Hiller, T., & Dick, C. W. (2018). Bats, bat flies, and fungi: a case of hyperparasitism. Trends in parasitology, 34(9), 784-799."
		Speiseria ambigua					http://purl.obolibrary.org/obo/RO_0002632	ectoparasite of			Carollia perspicillata										10.1016/j.pt.2018.06.006		"Haelewaters, D., Hiller, T., & Dick, C. W. (2018). Bats, bat flies, and fungi: a case of hyperparasitism. Trends in parasitology, 34(9), 784-799."
		Strebla wiedemanni					http://purl.obolibrary.org/obo/RO_0002632	ectoparasite of			Desmodus rotundus										10.1016/j.pt.2018.06.006		"Haelewaters, D., Hiller, T., & Dick, C. W. (2018). Bats, bat flies, and fungi: a case of hyperparasitism. Trends in parasitology, 34(9), 784-799."
		Trichobius costalimai					http://purl.obolibrary.org/obo/RO_0002632	ectoparasite of			Phyllostomus discolor										10.1016/j.pt.2018.06.006		"Haelewaters, D., Hiller, T., & Dick, C. W. (2018). Bats, bat flies, and fungi: a case of hyperparasitism. Trends in parasitology, 34(9), 784-799."
		Trichobius dugesioides					http://purl.obolibrary.org/obo/RO_0002632	ectoparasite of			Trachops cirrhosus										10.1016/j.pt.2018.06.006		"Haelewaters, D., Hiller, T., & Dick, C. W. (2018). Bats, bat flies, and fungi: a case of hyperparasitism. Trends in parasitology, 34(9), 784-799."
		Trichobius joblingi					http://purl.obolibrary.org/obo/RO_0002632	ectoparasite of			Carollia castanea										10.1016/j.pt.2018.06.006		"Haelewaters, D., Hiller, T., & Dick, C. W. (2018). Bats, bat flies, and fungi: a case of hyperparasitism. Trends in parasitology, 34(9), 784-799."
		Trichobius joblingi					http://purl.obolibrary.org/obo/RO_0002632	ectoparasite of			Carollia perspicillata										10.1016/j.pt.2018.06.006		"Haelewaters, D., Hiller, T., & Dick, C. W. (2018). Bats, bat flies, and fungi: a case of hyperparasitism. Trends in parasitology, 34(9), 784-799."
		Trichobius yunkeri					http://purl.obolibrary.org/obo/RO_0002632	ectoparasite of			Pteronotus parnellii										10.1016/j.pt.2018.06.006		"Haelewaters, D., Hiller, T., & Dick, C. W. (2018). Bats, bat flies, and fungi: a case of hyperparasitism. Trends in parasitology, 34(9), 784-799."
		Rousettus aegyptiacus					http://purl.obolibrary.org/obo/RO_0002622	visits flowers of			Bombax malabaricum		flower				"Zamalek, Cairo, Egypt"	30.04709	31.22261	1964-03			"Kaisila, J. (1966). The Egyptian Fruit-Bat, Rousettus aegyptiacus Geoffr. (Megachiroptera, Pteropodidae) visiting flowers of Bombax malabaricum. Annales Zoologici Fennici, 3(1), 1-3. Retrieved May 1, 2020, from www.jstor.org/stable/23730818"
